Country	2000_extent	2001	2002	2003	2004	2005	2006	2007	2008	2009	2010	2011	2012	2013	2014	2015	2016	2017	2018	2019	2020	2021	2022	2023
Afghanistan	205791.865450389	88.09299540403	178.6409047607	244.3369847412	201.445544232	235.9575249629	152.0849784853	252.842393340699	107.4065619446	70.4057059815	87.7287059997	112.9553986938	39.3077371337999	1.451845617676	2.719298638921	0	0	0	25.70591791995	17.11511664429	36.58241652837	26.48253846437	5.87255933228	14.74154686284
Akrotiri and Dhekelia	455.938917284837	1.64899417113999	0.507203747559	0	1.58935794067	0.190439941406	2.09776353759999	3.36771752319	1.3967777832	2.98679446411	0.127113708496	1.08083701172	1.77979221191	1.01722072144	1.20786366577	5.27509334717	8.64452494507	1.33482440796	0.826371142578	0.699314160156	0.572061016846	0.826636016846	0	0
Åland	107728.001271235	396.93782963293	277.821980221162	220.776524929439	735.855363131297	698.8593831327	100.145315682959	247.94794773206	1291.9577311984	675.75130979371	633.745078350879	465.8259694183	654.73360607	509.6962631649	550.06469627659	567.23733588516	672.66432393846	735.14936106842	619.7113757753	2361.3074427322	673.49387180799	1355.4146301423	1166.3632458315	1093.0096671731
Albania	648682.502881495	3729.03511801431	889.520431170602	613.53626325069	3236.60772668967	694.57795920439	962.70991092555	5225.04649966711	5471.33889356201	1337.34530874613	655.795784551353	1188.25266025954	5395.66937228551	2570.32072474598	1051.88569481177	283.57579439121	928.453081037025	1689.03131940884	2048.77690636313	1074.14866011419	1117.79160479096	1685.68353645543	2095.49221283765	2503.0468158774
Algeria	1223625.17166782	3468.77113632199	3009.842630353	3831.44919039649	4374.173215191	4469.582757279	5415.41120427379	5201.573060807	7972.36219610749	10467.306640607	2605.6321119225	8344.1109553069	10912.76799389	6926.55133168929	9523.3789430942	5706.863897839	8011.5093731189	45978.701950286	5763.9280723654	6291.308259176	13072.7082908166	20472.957932605	13442.6565760731	22023.494658203
Andorra	19004.1126257093	1.65421945801	1.25502718506	0.342065002440999	22.5894635497999	2.39616715087999	6.62457429199	2.16906779785	5.24788419189	2.85331083984	1.08372640991	0.91326116333	7.69775005493	3.36419995117	1.36826583252	2.16779186401	0.627513305664	3.42217391357	14.8882723205999	8.04001456299	27.4946004822	2.22472172852	15.2269965698	5.64596688232
Angola	55292449.13747	101220.54439481	61034.1780858798	52461.5045503199	71273.81705828	93434.6610175	76940.36174449	145286.59413342	103581.94983523	165947.50786671	159805.96362988	182927.75718318	180754.67070804	168841.12081843	212661.91926077	161718.84543478	229710.30639008	280456.099368379	242552.310645	175098.23186957	248028.22699059	298293.8369807	266942.0203464	268335.49765757
Anguilla	2125.7703828625	3.87846610718	0.146329852295	1.09774662475999	8.85400835571	3.65866801758	1.31715842896	8.63556091919	10.3906658203	1.90247023926	0.439018463135	1.02456422729	1.90261682129	1.31716980590999	0.365833496094	0	0	1.17081262817	0.219475128174	0	0.146330059814	1.68278405762	0.219497509766	0
Antigua and Barbuda	19323.369973425	24.0742208435	17.6560649475	17.0780449767999	25.4632932311999	61.1656797790999	61.1521963012999	37.1578776855	45.6957038879	61.5301753845	19.1365030395999	25.8365098816	33.3454343079	21.3452599608999	24.8756848206	8.90748237915	14.4254186951	71.8985053589	162.814821747	23.410340802	15.2360139038	39.1589765259	37.319613269	19.2055748962
Argentina	39086889.6149361	147805.623772472	105001.632125063	249154.457963626	433428.751448438	367248.555000956	316446.531918143	425344.34803316	592751.987649856	309857.332896608	413229.950592769	499186.106371055	478176.952225006	376775.801370894	241102.287320442	180232.682208426	230188.919294161	233919.178399063	172957.726617013	145443.960862845	197378.610604929	201881.390470714	232223.156192165	215934.206691595
Armenia	336843.388802484	131.8410999142	172.5392263489	395.818163586589	83.20505322875	104.01496557009	129.749548168679	54.5366152527	113.03195346661	202.73427184485	162.1732269896	173.98922354711	197.67891321982	41.841416583301	38.12772395016	1.99012278441999	30.047691082803	41.7474703857	5.90254387207	0.706430181885	18.543037628173	4.96474088745	8.46310248413	86.45221330565
Aruba	24.952434356687	0	0.526108221436	0.977058508301	0	0	0.225487176514	0	0	0.37579819336	0	0	0.150325061034999	0	0	0	0	0	0.300631164551	0	0	0	0	0
Australia	42280486.1709359	218815.668484971	312149.255105927	373845.513206001	124768.30029779	177023.087083954	186303.384024183	372715.679507899	205724.243213331	203710.459841395	290724.675889469	121315.375807874	139802.353029497	260093.374909031	281736.698742876	261574.260152345	430901.586536089	236875.779182222	250749.961054718	1661542.97469937	2356509.15139415	261042.834450006	118987.085205404	190712.783916402
Austria	4336063.81943891	6926.3014845255	10902.20094	14475.7626209765	14599.473323165	21657.247344176	12583.592514615	31669.8398794896	26895.869305293	15887.189209997	16712.9422619159	18089.8465112716	11158.4817827549	7645.3777549903	9869.61505201999	7937.7422058601	17210.373996727	18405.776146946	26310.217221152	33642.590301972	25936.638349273	16651.7198717107	19865.1555608176	26504.099068874
Azerbaijan	1268614.86969894	553.30138246507	1154.21009140098	1039.3453564089	584.957928118607	246.266158240139	525.203384747	507.559045325018	472.318632269943	371.835406555441	549.60210188011	147.45622860706	597.63410953427	149.076544842462	328.247192858789	26.74529336549	25.475304290772	80.10134996947	75.32892061768	11.94980719602	22.77504597166	85.2266488038	146.1787720035	460.96646480114
Bahamas	303576.007804232	433.000241875999	700.977561133	274.231417865	588.100538727	1450.09343055	1015.77598782	604.808884985	1949.23972443	823.973579742	400.644791588999	624.795068005	370.594704327	1572.71079592	902.308338812	1089.01528795	3136.09050889	3703.94383703	913.750930188	1557.77684542	2696.18415764	1548.81597863	593.105042772999	1259.37228293
Bangladesh	1938961.30016342	4587.00543577	3995.294847831	2159.4609919994	4282.547550613	3293.038295213	6862.833718376	3995.109885059	4480.09784851	5624.92053326699	4667.810492868	4181.300047728	5359.4672322783	6021.93701377327	12060.7842822644	12603.7836887391	21196.2649604744	28376.5970057513	19342.9067623	22078.798435575	21475.2066293598	17587.3112552784	13798.2726033255	17786.9739680697
Barbados	5229.74136743418	12.3674738892	11.3919928955	2.99785237427	8.3195460022	9.51827730103	4.12233870239	31.6282686951	13.7167402771	13.2649494873	17.4620019714	18.136991803	116.543854541	5.32159797974	2.17355150146	1.94870237427	14.3162732849	15.8141125915999	22.6342667297	53.6634420715	22.1097307983	17.2388099304	5.2463289978	5.92086114502
Belarus	9118638.94841571	18359.0717258	25383.56483551	32119.56877429	38596.9080939599	36192.64960878	42269.60089648	32656.9407641499	35896.69237609	35542.88378068	35754.30624022	45367.27827568	39591.32342432	28084.8621879999	33626.40141032	33899.49364213	90487.3607896	78767.5424462	87447.0709332999	75048.9591785	68932.5242317	63479.3464339	64995.1549938	59232.7999223
Belgium	865430.407511872	971.493266019	2348.402831189	1889.78729121399	4793.36546277	3027.95041651	6916.12001813	5985.17353258999	7213.58227785	5176.38988854999	10909.07793164	5016.29463656999	5635.19678002999	3314.96665826	4239.2885123	3420.29166207	4512.36599665	4137.34417997	4630.63217523	5577.14731846999	5408.65936121	9142.94695573	4833.61412422	7579.4904797
Belize	1748278.07212249	8211.64025015	13473.7481252999	6843.90516857	4312.26544635	8103.85708323999	4269.74084717	12263.6193554	8216.10558252999	10264.1407856	9765.92266331	26386.3146985	11527.9829643	16372.7319423	16464.7356796	12270.8762267	20510.7326393	16366.2958597	11163.6810864	18372.6604657	26511.819205	9289.65780941	8171.96257066	22561.0619073
Benin	168568.275332044	3749.33335142569	3480.18920013646	3475.92837540714	683.607978931004	1591.0875772562	1794.80546126587	4659.7017515193	481.55199512905	4929.1617991241	529.23912385866	654.66787429219	2865.4133442757	1312.90386991	1358.27276447	598.39771568	2015.97894215	2238.44772379	1825.97187573999	774.98614516	1605.56237947	1704.95213333463	1673.90836848	2617.35415162
Bermuda	604.795767810316	0.195820318604	0.717961340332	0.130570599365	0.652760992431999	0.326339990234	0.0653021606444999	0	0.195897302246	0.457065338135	0.914109942627	0.130451647949	0.587706884766	1.43653859252999	0.848840887451	0	0	0	0	0	0	0	0	0
Bhutan	2577240.27580297	297.6602825257	223.935371320099	543.601968323	1013.180032239	770.003924609	622.874252978	508.221846442	775.33539657	1175.461938037	4353.63127146	1090.995987598	766.214076727	485.3534821902	1229.154004499	746.525247717	1962.956648671	1972.248720378	1240.067222088	819.587035741999	1288.377322888	1278.578699488	1247.589107013	1797.011949463
Bolivia	64521384.5397839	140321.08479846	178807.747672946	163758.894453841	203251.22844954	250748.024639875	216314.5522329	189952.687787756	369850.086014056	225270.009786552	451758.615133792	330238.802491572	273543.668767636	179822.28142884	256901.081854937	166275.042869145	470600.22509884	463193.888231878	301855.431283572	852088.715593348	429779.770707152	558392.40703642	595995.66630203	696362.441428853
Bonaire, Sint Eustatius and Saba	2432.08994074743	3.03186095581	2.10645939331	16.150211554	0.29739588623	1.10661256714	6.90051160889	0.660917608643	0.590922290039	0.956145617676	2.42249055786	8.80901370238999	3.22208169556	4.36024237671	1.71035924683	0	0	0	0.440779852295	1.54256728516	9.69796767578	0.225687683105	0	0
Bosnia and Herzegovina	2657988.50833058	1496.11336321	692.661727484	307.812692255	4121.83712963	573.618033435	535.971082349	2681.53340946	1551.79472084	1296.34016141	910.641528772	970.619153809	2433.76704691	2574.01690205	1789.55195077	580.50734422	2307.98919571999	1339.32038955	2673.6819968	1232.2155767	1842.07887897	1018.74506614	2053.88282650999	3947.31821358999
Botswana	20328.3791224621	130.9836613769	22.78896411128	8.57253846436	50.65768828737	49.0957690674	40.1077829773	33.5595845031999	26.06321276857	41.324568335	30.49979847414	21.4333239013699	15.78721246336	14.121842675745	15.5243274292449	0	0.727646612549	1.157177856445	2.62494005737	0.0721905517578	1.815255371096	1.42477828979	2.080603338622	2.39502966919
Brazil	519187192.986689	2746359.2490305	3507046.52294329	3248523.90387154	3848767.6618851	3486559.98949006	2876802.48331864	2621818.09706403	2444306.14522735	1817899.85713717	2688894.06059586	1923362.08088492	2918630.70325854	1945504.79337704	2693132.19148573	2222770.75738985	5378841.04798435	4519829.79607126	2948460.05877595	2696746.92982891	3291389.1972588	2991906.9831542	3308928.0294011	2806055.68556807
British Virgin Islands	7463.89140009322	4.09250688477	2.99644572754	1.82742440796	2.63096005249	3.72742731934	2.77712298583999	6.13867494507	7.0152993042	5.18867052002	3.94623065186	15.3467566162	0.877065698242	2.77700457153	0.511469439697	0	2.85024693604	229.362884442	6.21237634888	0.876993328857	0.0730889709473	4.09281970825	2.04631915894	2.19242267456
Brunei	529339.151234393	1244.45425607	1088.84597693	799.176999561	1197.13661409	1278.31904219	1013.51477638	1564.8333546	1299.95100082	2169.47467302	966.986854785	2620.36413363	1836.78349825	888.325667639	2224.70666208	1761.27124139	2572.58501679	944.710503241	806.634706859999	1168.53467661	1166.42796874	953.160985083	919.66418017	915.375288464
Bulgaria	4138964.33699662	8202.35129289	4638.75712358	5198.73603998	8170.49855988	6566.73653835	5171.14431607	9557.31986491	6448.16028589999	6099.66516721	3569.10395891	3331.70390266	9977.54524987999	3692.77792004	6688.59074705	7293.20855238	7394.56804264	7687.88685648	9754.01825302	4125.26430507	4795.11898814999	6683.92586282	4093.22882827	5653.26444047999
Burkina Faso	132.108564050219	59.47715562134	4.30291453247	2.0382451965345	8.60509824828999	16.9077763488562	4.75707535399899	2.86808704833999	4.75750297851599	4.531718212888	6.957266571044	15.3187783446796	0.3777341735838	0.22648447876	0	0	0	0	0	0	0	0	0	0
Burundi	537674.218734326	1417.24660231199	986.935959240999	1325.182980884	613.878681336	985.379428296	343.567537597299	1861.68639299099	1999.444813787	882.7757844	1904.664186234	960.5862943547	871.1627039	1405.645699532	2047.239653141	1458.378147643	1575.874057965	1775.192314783	2874.574482977	2386.329313417	1856.851326211	2272.25118904399	1609.96648086199	1952.260711418
Cambodia	8809938.38796098	28491.4716604	54862.1297606399	56839.5988220999	79250.9852565919	64649.411470488	80507.2739384	77676.1300166	83499.5465139	121021.483337736	237882.144246526	192154.850789	195569.146951293	190096.584423	161797.033271331	132701.274552	182418.132694828	118333.383574	113205.340921	143306.993433266	143487.953224	144246.482586	103843.349058	120829.271235
Cameroon	31459342.5748694	39203.7306574156	28766.9617693036	25344.854801401	23003.3062209419	25159.014474736	35986.0535057456	45916.0694201278	35141.611183436	36072.0240799145	57991.8865033195	27651.7535001864	51267.6196460557	84612.4414043999	181851.057807	78969.90755266	116619.2653279	187281.1135877	120814.0005841	121801.0073072	202795.7292206	168797.8535696	147809.546363399	204198.2571777
Canada	418069568.208031	1358162.79848409	2316901.07931497	1607291.92434004	2706476.15600674	2920812.14403043	2406205.61693705	2117912.94031883	1949019.90449273	1550381.37227146	2104889.57474416	2160714.00296184	2545510.04018052	2807354.70358319	2643626.53546633	2733457.03816614	2084438.3831815	2559752.31112094	2142950.07854191	2175729.13142668	1195278.70832267	2525001.4967872	2299858.22963695	8570224.36816509
Cape Verde	7355.96269974567	7.13645898438	22.8340291382	8.92523257446	0.59513225708	5.47931074829	6.0242539917	0.591771905518	0.148145544434	7.9571963562	0.892167437744	16.4094626404	8.99304732056	9.77085082397	4.07879295654	0	0	0	10.856802655	0.0743354675293	3.26972250366	0	0	0
Caspian Sea	141764.887061961	9.73529313354	23.3940114989929	8.85051914673499	16.4445663635339	6.9890425354038	8.9709591796898	17.0655924743344	16.2682368591595	7.27620261231	21.922923736598	208.117846124069	22.725642565948	55.38622102049	3.050773992918	0	0	6.90907794189359	0.43615647583	0	0.164428167725	0.323960308838	1.55392883911	0.98944453125
Cayman Islands	13458.4109331788	20.6816436035	5.59825280150999	6.32480704956299	47.10314675902	9.160511560059	17.9594470275609	17.86415429081	32.3462352356399	29.88336036983	39.7934278198	39.7747717956988	9.22768563232	18.10552005	7.70539665527	0.0725172058105	70.0606076843	73.6216970275999	42.3886021912	10.7603833679	8.577720300294	10.105236413571	26.246824005114	24.6271114624299
Central African Republic	47073522.1846126	31282.4495749	34417.736237	13726.64341435	14588.90347001	29316.8193057	57883.2479055199	37308.1719820135	31859.7661976	48252.9237906	48554.3195286	49140.1757322	57313.9129858	44182.4765757999	57852.2306513	27315.84284132	51152.0126054	63910.2040289999	40913.01017846	49026.4069478999	55136.699733	67180.6407748	51029.5867079	54533.5806434
Chad	409749.539718844	883.627030346642	1958.47705458279	193.54150797694	456.728904358	472.372991540509	2981.89887756062	1001.07799771756	3402.11355988503	1065.52374813961	254.652635375647	920.000739483509	2491.11113231492	2895.2488637734	3000.66770554382	2591.37004242178	3165.9651616194	6765.14276757062	6931.787543654	5058.92979502732	3433.49170002146	5095.15081043404	5444.71567195	11067.2083478858
Chile	19286986.4612034	72711.0610364902	78080.7166371479	82843.4882488249	85728.4963425033	106925.361735855	91922.9356581717	121651.922604165	123067.898250791	88566.2827983146	91495.2374416591	99349.4130731101	174808.906968277	102242.43125131	119334.733880139	106106.333151642	113904.0175197	214836.79618894	76897.3836307071	78735.2021351741	70591.676094788	71610.2335596146	67882.8778331655	107331.911152903
China	162749056.727608	230289.766053579	249151.618562346	261762.308759158	501545.233718504	383591.315947031	575234.465724082	652980.210925223	738033.003019704	599604.599049202	627827.36365994	598587.960442126	605005.768136345	441326.814429043	531644.425762717	490445.590682462	718690.588505981	644240.699751916	569454.183214725	496973.53816982	422215.254328362	536656.890105028	611897.030216889	602596.303869771
Colombia	81801054.9295383	230054.923943922	182229.209844893	122417.198303874	253840.093057112	188743.734744509	189963.670044812	269029.371561391	231849.574606469	237890.970356758	197067.49042833	189829.080811458	227707.128109719	138898.157165882	202027.955202857	140855.75230078	290956.417451594	424870.433873117	352434.116140503	268409.970120721	324169.535089302	265167.819271874	265769.341107093	196647.167429232
Comoros	134784.045085211	36.9736598389	41.2038974487	26.6532899475	40.3838021484	86.5584977478	12.9636484192	77.7283235168	34.953567572	112.206229413	92.2999004028	122.611990955	127.292736011	1729.72467606999	1473.8607614	429.461332172	124.364675513	307.942936603	218.158833954	280.497034235	265.511381238	164.537535992	164.571669476	154.222809137
Costa Rica	3913051.77217179	15461.89110753	13289.15906474	8260.61406376	9767.05712111	16562.81599789	10059.48249401	11447.88192839	21875.0570517	22464.57123583	13145.27726305	10495.82212557	10367.07924318	7785.59280402999	10934.45530321	3299.60733291	13791.40481362	22095.57212633	12337.86807271	11485.68559984	8260.97311773	7848.00029378	8563.1489063	9031.21978457
Côte d'Ivoire	14872647.8156172	122711.505530068	144559.976089053	86282.3364270622	48048.360825539	65320.7683830669	97780.700010646	90864.8077520267	127554.894964704	108875.864165807	92491.9020312149	124683.551031688	96128.7840517228	175758.753054079	346792.735062512	152432.527104637	221099.920620836	357273.200694705	324740.038848874	242171.400813907	248501.84548669	183248.490277564	172456.068769229	190282.74118247
Croatia	2431318.0844459	3378.50417383999	2340.18950286	1738.98797683	6727.15684155	2747.18242979	2204.20846526	3237.12632531	3890.76399293999	2902.65231492	3499.26351317	2918.70248988	5004.45026554	2997.7657372	4559.45168819	2669.05958295	5372.98650858	5846.55988647	8285.3762615	5977.65292266	6051.91240336	5264.35018452	7826.35352368	10503.3514849
Cuba	4014614.12943232	18942.93979577	15035.872868218	6556.6949339752	21973.7642206809	12833.624799794	12305.108746007	7873.7742404249	17083.764715105	16259.927908382	8608.10379230898	16312.779327139	10344.995161875	6071.5689205166	5861.47833521889	6725.989675296	74052.815959917	76813.932265217	14955.1286627567	7463.62106757599	12618.474940123	9720.849625677	4889.308070216	18795.470822128
Curaçao	5260.67263614106	0.902789361572	1.27928486328	0.82795847168	0.601841113281	0.677289825439	3.46068458252	4.21289407349	5.49252312011999	4.66495412598	1.72985286254999	1.3546632019	7.3755053772	6.24502425537	2.33308074341	0.90291270752	2.40785650635	0.827411016845999	0.752224578857	2.1818052124	1.95612950439	4.06381547241	5.04186294556	3.83655264892999
Cyprus	89658.2020626652	78.6291374634	31.7433390076	25.2292430664	87.5559030762	34.6506760986	58.6034007874	778.24160694	94.7969869751	56.438379071	63.9549982361	118.526747437	54.308196167	13.504635907	33.3021060608	20.4345200256	568.91710072	437.27096449	32.4504688782	43.4564198792	33.1948892517	642.871953662	72.7568028687	54.5026373962
Czech Republic	3080400.15610853	3460.16022055	6766.47238530999	3925.29794371	13453.75922774	25560.30654441	8606.73123066	21325.20279334	16872.59601955	13514.36325344	15441.71376689	21853.39636189	14006.32388893	7658.91587103	13939.68107691	8047.03352586999	22808.60791311	26512.05808628	39206.58786264	73295.5704872	100258.7439552	56292.8233487	34756.54014771	24393.20421446
Democratic Republic of the Congo	199281650.462821	455516.657843964	514476.583968526	274739.931553753	400044.199744649	485292.781162229	453170.523616753	462903.2327488	404830.640533234	635215.0781929	810712.20961423	429540.024417764	630999.41468362	920604.092664035	1337960.89655144	928115.511938083	1381278.16857531	1467956.45238778	1373807.19467856	1220177.30730573	1309975.38316355	1247857.25088117	1220168.93913827	1324889.88209082
Denmark	663207.95941174	4329.32375198	1204.497723883	1579.723423711	2413.82844992	9048.86295200999	5213.74066368999	4381.43572118899	6060.84727570999	6645.72213385	4427.75244638	3132.40253995	4451.98100626999	2015.379602187	5320.80451461	2583.24700679	4656.37051805	4360.38202423999	3161.64554443	9180.39285124	3193.61401159999	4795.07967268999	3366.09680818999	3977.61048317
Djibouti	0.075224621582	0	0	0	0	0	0	0	0	0	0	0	0	0	0	0	0	0	0	0	0	0	0	0
Dominica	70924.909506708	22.7927822083	11.8747220275999	27.2387344849	79.3552243958	52.3232141663	25.3827315552	40.3000488342	93.3737935242	73.7804870178	92.1204754089	44.4632353027	144.724005927	22.1186366211	12.2449723083	1.85563389281999	7.12398516234999	23291.2373033	778.566121082	58.7092139648	65.6113022278	30.3592988463999	31.6192341125	144.959507037
Dominican Republic	2576430.22613435	11246.82651216	10435.99513876	10714.01724109	19387.96991475	25088.14155586	13413.93513119	16059.0853279299	21612.2398788299	13966.86323923	14102.69644	12960.441011	17905.59567371	12703.08556603	13678.15998557	15090.58531492	24907.44124963	27062.9646462	13970.4491028	14930.8600227	21441.1922407499	14182.2168584	13141.54765394	22946.1395049
Ecuador	19027556.9140075	45002.4656727131	29817.7355738768	13835.7249115687	37249.8608787836	40379.2625462052	35602.5940550463	60539.501048954	51890.0718476186	57646.3461100784	33772.3429872036	43630.4047138685	74205.9615477508	48383.1444125697	30904.9681095205	30077.5967321676	44042.9528748235	71107.752023844	38709.3793182191	35645.8242041484	48915.0788024192	30273.2189742016	52577.06887053	42959.1515467856
Egypt	154304.654821739	147.76532574486	48.813376922631	61.012036224376	101.449502147939	52.6512302490109	38.126009106399	78.2703424743469	81.467040667768	59.5684980224569	98.182559704561	102.62360292985	438.85456522823	96.9995465026639	115.003374010928	31.6432310180999	36.7281254517	58.4305356934	62.738314849898	20.9041113037	18.1391233398	17.81212772829	11.9435294617	35.403813915974
El Salvador	988824.336284467	9499.401613382	4666.5146290309	5983.7068548862	4554.9408929186	5880.55258943729	4604.31954333872	2984.1620270165	3324.5904488664	4283.7112790758	2873.0206858488	3242.22234629935	2535.7488003148	2053.4907491244	2319.7293655851	2388.83666095732	5743.54708830395	4745.63920780524	2703.64925923332	2249.01144727435	2208.27753797828	1488.70739038361	1632.42386619861	1784.77727180721
Equatorial Guinea	2654595.39067568	3585.41953941	2986.110941464	1961.187791282	421.430830469	1608.551750446	1255.615724701	3141.52762996	4821.67648508999	5684.84544547	6592.94353346999	7706.36556011	4952.74161115	7289.63089167999	19211.17914219	7468.60106259	9544.93521589	11937.94752442	7823.43813648999	9526.17315236999	4870.416938302	8905.68216278	7760.79180342999	8524.90822652
Eritrea	4.60761849364999	2.52952718505999	0	0	0	0	0	0	0	0	0	0	0	0	0	0	0	0	0	0	0	0	0	0
Estonia	2639447.59203671	16872.5544499	21918.5426000999	5632.60171081999	18106.3495244	14818.3184419	21731.9211818	16188.7102141999	18296.641603	18822.8745889	21496.5315688	27199.4786279999	17685.2371646	17088.6220521	23576.8186206	25420.4765215999	36335.1251185	38856.9332587	40038.4438652	45917.2510152	36805.6311518	34004.2645193	39215.409084	36155.8679233
Ethiopia	12040343.3947305	11947.2541072347	13074.0949725387	13936.0487867524	13396.2696143298	15868.6426264916	12075.9455512185	25608.586335968	24008.6413761348	29279.0376765529	20184.1681678336	15462.7429373782	41631.959840928	30851.249045497	32725.092081224	10276.476648436	19581.653400013	35403.524839387	18894.253521218	25582.411974949	17980.792604904	19751.449528763	19941.3906829629	36262.944908536
Falkland Islands	2188.34556654099	0	0	0	0	0	0	0	0	0	0	0	0	0	0	0	0	0	0	0	0	0	0	0
Fiji	1556557.15855734	1097.76256107	703.208983429	1572.23377371	2079.81085949	1665.635075	1874.41625793	2148.46417483	2387.25388677	1790.73740872	2346.76116451	552.801649254999	1219.7649071	2699.40371382	3689.00976124	1838.35025174999	8372.98285285	3091.61494818	1366.933471	1455.83856245	2066.82929531	7198.82397932	989.060186260999	788.669033344
Finland	21627845.1660585	151004.545275761	142433.632784068	89697.330205644	146603.61257815	230335.493552667	182296.400371545	151916.169645279	200193.815390136	176321.817585226	167508.709345154	159356.090714365	160311.866128763	148662.13474988	186630.468412513	172640.905664182	240430.461601159	336201.538717803	269957.118502267	289912.901741655	254474.790016876	266901.433896084	255380.168584885	241783.141913795
France	16783095.0693688	34421.116239685	33888.544491664	26393.4496038451	76134.67688523	46390.79315969	55049.7158618629	49246.38992767	86955.793261465	67053.886947618	143265.825659921	64074.597176155	67302.913790982	30351.968867246	44359.257688904	37292.693533714	60768.734374871	69249.3451344399	69201.7389195359	81304.530203299	77746.084953548	112886.54604591	58785.641044392	86279.72981516
French Guiana	8162753.45419843	3033.28877813	2496.7046059	1889.08227165	4805.027152	2840.65432263	2534.97158421	3328.11002682	5223.39723875	2861.95499122	3205.63618038	2708.79777404	9772.71803269	2967.79823833	4195.61857283	2867.5036973	6127.21352969999	4144.33844666	3738.71253033	3297.92700613	4289.37821042	2205.0337815	3840.11261561	5044.28822121
French Southern Territories	71.63604061891	0	0	0	0	0	0	0	0	0	6.33406355591	0	0	0	0	0	0	0	0	0	0	0	0	0
Gabon	24690964.0946423	15082.63688587	13851.84573634	16845.218953873	9981.654477799	17699.01701757	19300.7597383849	16501.474825077	17367.16492898	18252.221579849	10674.183154971	18160.65421628	17476.082055383	44448.92581979	48752.33923509	25472.54962797	32150.61667064	38643.85331559	26788.05509688	28561.01752329	22022.27274945	18317.62883822	29455.2082729999	19706.66605999
Gambia	4562.46122909986	3.29742515869	40.1576810852	10.5654472412	63.0847859192	5.54474488525	6.29442167969	49.6055177246	297.213133704	8.99178709106	23.8272866394	30.4226575316999	40.6903127808	12.2167545166	17.463377356	10.0404882874	5.17054639893	8.09334584350999	6.1459480835	20.0855913574	9.89258131104	19.0373784912	17.0894117858999	12.0676555175999
Georgia	3144585.40502072	666.558960077	536.444273218	292.003819287	1967.07029752	549.001638904	531.355117188	992.449842474	745.620856183	448.36812149	818.595005841	539.71644671	473.000771887	252.251080255	113.741454517	42.8507911316	523.424028864	207.89898313	300.050329541	166.187005048	222.154646997	420.264104681	290.667906372	785.484299402
Germany	12526845.9531542	15286.4610906	15303.34179447	6448.650668579	44940.21520261	39738.7098630399	42653.10688111	93224.11557739	61696.49630909	28761.69310808	75678.39620574	34271.73231496	26007.49141521	15499.45073626	21169.45549541	12929.56118723	26877.1996703	33000.4520586	52237.5000107	108233.08727501	186940.6314076	202278.89450899	86450.4364823699	122937.9934809
Ghana	6955671.37570682	43644.0760626051	78395.0870454025	24955.2604338748	17625.2481841226	41346.4192045587	27136.1184585623	40172.3884282909	37848.6824323014	38252.5422444685	19500.0128420631	36242.6473007717	36625.8846840988	81228.4960745758	120298.17240409	57407.41349135	119244.61756374	115286.0197553	151445.66410603	88256.61915904	136599.54008377	101379.00196549	118632.33407176	112570.49788186
Gibraltar	119.853883532886	0.187286218262	0.124829797362999	0	0	0	0	0	0	0	0	0	0.0624181274414	0	0	0	0	0	0	0	0	0	0.12485246582	0
Greece	3672509.84842532	12616.865594864	5126.06712221329	2562.5439971504	6813.71436871	4180.697025804	7345.99566998799	46061.711180212	21197.277951164	6564.28990275099	7785.32582011099	6198.637926052	13242.131441052	5906.5760495601	3803.2251429075	3840.0161924373	6034.2209020197	8906.971603802	7122.217284743	7604.328424985	5427.37499506799	49038.686658556	9793.85912898099	46011.753255289
Grenada	28534.4228479594	32.8108889282	65.8378072997999	71.3463188171	631.01814989	47.4877107849	31.5320492554	67.8129551636	64.181205658	93.769719928	159.556217194	40.1860436401	39.7359942383	25.3564246399	83.8384392151	6.69801391601999	59.4498170959	28.1527432678	109.808259363	21.0629966064	18.4370190735	15.9547268676999	20.7714543701	26.7147040465999
Guadeloupe	94757.9108545889	320.702781708	50.8854818237	76.8775938293	191.170247821	223.080460546999	62.2685333191	158.303314069	134.859527771	118.323830304	127.386053949	73.9070211975	294.822777728	169.938973798	198.117840796	71.3971597167999	70.0243208008	60.4530247131	100.898707184	70.2602800598	51.9233669006	67.732881604	40.8341024048	36.8307830444
Guatemala	7693465.004861	53310.2404744	55601.0031958	98173.8002211	56448.6792113	100829.4173802	52558.4685433	126556.8833926	77173.0556708	86944.540283	59668.4472035	40586.9511	84044.5434634999	55148.9901539998	61831.3665979	54147.4065837	178397.0235179	79731.7033564	71160.9888926	90198.1669498	98556.4507916	49896.2930009999	46396.1626739	71129.1688127
Guernsey	1508.21260574913	0.957682867432	0.0503478729247999	0	0.100762359619	0	0.151253076172	0	0.252045947266	0.806142501831	0.151174795532	0.504211553955	0.604691851806999	0.100736938477	0.100516775513	0	0	0	0.100725750731999	0.150411328125	0.100728549194	0.554133483887	0.352765115355999	0.655106091309
Guinea	8159643.00995474	18571.539172986	28933.494354406	9229.464424142	17158.33897	14580.946562857	15305.735079745	33821.29538237	21481.37765402	23388.022415566	16045.60183113	27637.981525177	24485.5859552939	146183.99406743	132716.297465269	161820.13895817	216012.4271835	231588.1919804	182895.49371785	193690.15359277	178406.76309349	167376.87081873	130216.33176354	154122.7233249
Guinea-Bissau	1069849.56028609	2362.15515552	6073.80264978	1021.87826023999	3539.10530766	3928.18973327	2018.27542905	6044.03305210999	3248.3646416	7963.98060857	4900.41099892	4283.91496495	3511.45259402	20704.245568	12858.5628751	12661.2281368	16120.1597336	16436.5190775	14394.1834687	15622.8175085	17107.8179276	13684.8661735	9780.33005789999	11478.5207892
Guyana	18996039.4784824	10039.87200714	4827.39693177	7418.610070021	4062.368691312	5832.15657226699	5933.772817025	5249.63434777999	9460.22426783	8267.03008748	10098.89039795	8362.99185405	13111.83343568	7117.30855392	12154.00872389	13084.18459743	26512.14750192	19433.6727365	11760.82723423	22324.4335885999	15769.98636836	9537.00092420999	10563.91816754	27882.04613551
Haiti	858467.629876946	2469.0518848513	2120.3836103954	1070.1636355876	2382.7315111498	2033.2438560576	1162.8414832339	2077.2147185896	2191.552134552	2464.674910924	2084.3642310002	2564.213806905	4272.753048087	3181.21592972	3858.871351651	3087.5692573649	17267.1047241804	5498.839225318	4131.5578064553	4395.44715881	3802.062284459	2413.7480569104	1844.3298758143	2555.7889045291
Honduras	7740490.7414635	42380.2220819	31528.0481929	33624.8111578	26455.1012295	40471.7089677	41630.9091972	42412.4333172	43299.0988281	51514.1878268	46085.3074507	52571.6123694	32305.5321787	43631.8932202	57481.6884049999	50242.5446388	188443.080406	113473.862515	76254.1925386	81416.3251069	93648.8267915	69498.0298057	57342.8954536999	84447.9845942
Hong Kong	62046.432767271	7.98130526733	15.6115837952	7.0572517334	18.8889403259	8.76827662964	20.8185088378999	29.5877883971999	26.5170270081	50.110045166	12.8991671631	15.4686671692	14.1882227478	5.27433494263	27.7235960205	23.7214384644	43.0423708862	91.7256573913999	156.179763062	24.5783589539	72.5374707642	58.3748519653	54.8707485046	67.6774645752
Hungary	1990170.34406017	7522.09421247	7711.07325431999	5733.04927885	12008.5647245	10398.19380949	7989.97180252999	9361.11476572	8911.64420035	10072.51412358	11255.54001822	8225.31390286	11921.91369329	8951.97019193	15140.01826344	10720.06276313	14020.74009208	14108.88235619	13798.84506391	14398.02162884	12013.62203687	13752.96297729	14805.52695086	19708.92830045
India	38830421.6964401	62361.2913846996	53005.586475187	47750.7244607412	74129.3438239496	62504.7877883414	67410.6345749762	73906.6527590729	85952.9141031219	79202.9972814438	51317.2068494225	88460.517806675	95068.7359676308	80865.8878632884	139138.016455639	116308.341226687	175362.675799645	189421.318460345	132233.235847474	121154.657309892	137715.797438244	132747.836729772	122628.983901647	143591.01314075
Indonesia	160641200.929507	744087.941363525	855275.797805529	544810.252155749	1289042.56315452	1182441.73473816	1433150.10203753	1387625.17597951	1396251.1968404	1944963.05887887	1279331.92837963	1543628.83911279	2260260.33837952	1139298.60591815	1894360.60763165	1746470.35055398	2422071.28862888	1300719.27250515	1218732.42584785	1176884.033697	961587.864156923	841391.331481218	885238.342259433	1395285.02462024
Iran	1731676.99175549	332.484780334157	557.754170575188	326.676103106971	276.003709978804	173.0225077329	140.7893003236	131.05969901123	374.202553844945	191.288231836426	195.7906991084	238.912915911572	407.3925699466	72.2311620910999	77.5888639953999	0	2.407972808838	109.9144284912	67.989809259071	144.0569357356	20.19207446896	20.99852487184	94.9660806273999	136.96581821874
Iraq	17504.3055057609	16.0266830932999	10.6200934692	19.6167788574	4.42149920654	4.55641895752	6.24006251221	10.328575061	17.8029700439	15.7966789672999	13.4154813965	3.29014597167999	9.13205272827	2.5319102478	1.4943199585	0	0.491737878418	0.983448394775	0	0.0620974121094	0	0	0	3.35586830444
Ireland	841575.556592917	9559.5291820762	5298.311612508	2262.87811228	6865.812079959	8093.59372069499	5248.3053507815	11681.969618748	6923.825848314	7230.7649836115	3854.700797574	3108.846095761	5825.9360556069	4772.854334578	5717.7825752793	4484.1947804669	9388.21056873	6128.788663197	8380.391259504	10370.4731506889	6206.9117574875	8779.7747503868	6759.4269572331	6863.2030972106
Isle of Man	13217.2288854671	15.9755334137	13.6649416718	1.81730890808	8.57896823425	10.69355495	26.2446322571	30.3885665802	0	47.1189202484	49.9566957854999	12.039533493	31.3032265503	16.8324285126	43.0253152313	11.1163323456	17.5785183289	18.1172920349	11.8365896698	19.7051265747	7.12945171509	13.9823217498999	16.9787761658	7.62206044617
Israel	29485.2361548087	145.965636157	111.730984369	30.1717409485	67.6919643737999	137.28647439	132.22804339	47.9606011902	65.0561011719	93.0960132996	89.0798152343999	1065.39527830999	49.2303245911	45.7308332642	122.085206085	51.3328693053999	64.8714768494	99.5493140259	39.6552625793	54.3580733459	46.466677301	28.6155531311	80.1162367371	61.3489691589
Italy	9318998.06791191	9871.53458065099	10931.270367499	3613.205436009	17224.9449990169	10896.104847654	8901.89977909899	11590.100051657	15153.67360788	14792.758441177	15806.439595177	11450.671390496	21489.536373886	15524.783202317	19832.84232724	14124.517338384	24721.6868270359	34095.48023953	38843.6636305889	59705.174242202	28246.60111254	28264.1061439779	28680.177993081	44863.964319811
Jamaica	768441.06511757	1246.24325684	1647.5729401	1029.27546876	3901.15795143	7597.86730422	2797.68755532	1269.91703486	2026.92377151	3538.2867178	2364.95136315	2385.22574606	2603.6894335	1327.6708781	2837.98114168	2903.31891607	1991.39244087999	2200.05767822	2232.63924560999	2292.15901411	2169.74873391	1485.2493142	1133.41727131	1970.82578693
Japan	26387341.7830342	23977.5373505873	26154.1244375949	19747.4274225661	37312.657512027	36386.0113263118	38974.584436953	45585.931717691	40839.4514869225	40895.1251751087	35745.4426173283	35955.4468501112	45672.2174747002	23234.1542142947	28175.7600483881	31145.5051818983	54993.9138273468	47612.6177078849	50507.1133821331	51380.7523428307	48057.9434866233	48455.943026627	53790.1127177576	50608.2714018489
Jersey	1549.97844824986	3.69635735474	0.810377941895	0	1.16449257813	0	0.202688919067	0	2.07604391479	1.26544202881	7.34045906982	3.18873823547	6.68167301636	0.506453463745	0.303875427246	0.101362939453	0	1.4683183075	0.0506156463622999	0	0.151916821289	1.62036905518	0	0
Jordan	2271.46589454654	0.522029443359	0.196108087158	0.065259777832	2.28515502319	0.0654042785645	0.783581274414	0.391926745605	0	0	0.0653065673828	0	0.130553637695	0	0.847822930908	0.391584802246	0	0.980528100586	0	0.58736605835	0.195795367432	0	0	0.391895861816
Kazakhstan	4240336.98440713	4534.72594352896	2952.32147488396	3351.87664797658	5513.13112747142	3166.5601156744	3142.0542286315	4605.4615591433	4548.60281738002	6432.68118306071	3108.9324559406	4852.36541463296	3741.53385599583	2863.65477386502	595.719141406042	181.16332199097	1288.55763287617	975.182444167671	1138.89419423612	1281.73275998595	1853.27809388679	718.412950414257	3629.11516562769	20111.9785478169
Kenya	3319482.7746432	19027.20996253	20287.52534606	13552.810244391	16988.3270474	12745.43207732	20656.43721719	26102.95927001	19224.20724521	17696.12428094	22693.00789249	17299.75647225	17899.13539424	13563.76537708	15356.83756761	15615.50008036	19048.30582509	22163.3868900599	15908.41416265	15950.24397815	19044.83309217	7564.22573704	6639.03061458	11257.29919946
Kosovo	370225.791945537	1122.20986424972	214.908731714	261.325209705	572.84190746451	313.83294332286	519.98909790084	811.027014984	1143.16631809026	777.014266382	468.27907525	802.007047485033	1738.52879171346	767.744291272266	760.628698974811	470.781734821	912.23493248299	626.364597406006	593.89641176192	697.402220264	970.79365565791	520.120583063	784.688379870999	1465.44439075632
Kyrgyzstan	674976.846362266	589.228668096927	305.458667291367	110.789984368887	192.269730938546	82.051249011271	110.583584613001	107.429752617924	106.687365576375	201.216768236882	260.97483662143	111.982721130566	84.656933465581	26.814084423828	13.509744482427	0	11.5248224975999	55.7522906555	17.3711043579	15.72682810666	11.898186792	17.5354153931	31.6563310241959	94.2661432801
Laos	19129579.0919822	36474.7013562	55936.8097666999	87074.2621554	64248.5667501	68327.3759805	122678.0587442	132995.3182269	80591.9801954999	145564.4168615	167108.2434225	130933.1429895	147537.3371517	205606.8433395	243833.788078	285029.264704999	388035.826451	349137.141213	294666.684467	364710.084354	357547.208622999	317575.848943998	321699.53505	445468.076306999
Latvia	3553530.0717136	24907.7866672	29176.1826619	21321.5579886	30639.1108162	40712.5312277	38893.7619783	36128.9940115	29308.5064021	34916.455823	48507.432146	44737.8583849	34285.6860016	27766.6235584	32203.3336889	30829.891462	44945.7607946	47085.5348974	46923.7900474	57403.3522895	50463.1191173	48422.4276072	57142.5483443	54500.5093276
Lebanon	65235.3618538929	299.405135516	81.2006918762	83.5756655457	109.280193396	300.136063531	148.818334344	273.031116248	393.79790282	340.447779858	115.180972394	139.409449139	170.005864691	160.017859363	159.82103299	173.617802765	266.275111084	288.210023535	255.741909753	389.808916594999	473.086007959	672.619639233	584.708659271	522.581270886
Lesotho	6051.92206874249	1.140049346924	2.68713305054	2.484686572268	4.377538299559	2.01343217773599	2.425614489751	3.018683221438	5.78639893798699	4.287691784665	3.772704522708	3.35407037964	3.300153588866	7.338900933839	12.47071500244	0.934452856445	15.3431930664	7.805535900881	7.722119000242	10.209883654782	16.06501734615	16.91757637942	4.095174017329	1.47744979248
Liberia	9384717.98338241	29185.6841224	56984.45093086	21604.82371037	6233.56276202999	11323.81231099	36221.2609248999	44282.1042322799	36172.40289431	75135.9321113	20357.67558928	34444.352729	72113.9748846	155535.8485152	164048.6626565	186009.9924546	168586.0549278	203292.1373836	204932.6458991	171765.246849999	220121.4753296	129838.0762548	152104.382118	155262.4331409
Libya	6833.02814983584	17.1527486571799	40.245774585	25.26578684697	10.263192022706	21.82581350098	16.30251043701	4.29092706908799	5.71959281617	5.523120422368	9.41431138916	9.48763724366	4.93466019287299	81.2988120544299	4.4139260376	0.194786383057	0.519491064453	10.45297824097	2.9223269104	2.144348529051	0.780903179932	0.519610394287	0	67.5063860535
Liechtenstein	9077.38014932783	3.42395917969	0	0	9.43090204468	5.53227553711	11.5981593933	8.43397113647	8.85171486206	4.68802084961	2.7919343811	1.84294527587999	3.84581376953	1.94912612305	2.89864518433	1.3175163147	5.1636571167	4.05779412842	6.53505524902	11.5444637451	3.21451220703	0.632273492431999	2.10688670654	0.896326361084
Lithuania	2336240.9738322	7961.7372481	10344.9030721	8916.0650318	13101.0491736	20384.6707198	17449.835966	16036.8493321	15203.4606329	14407.7195007	21667.0257435	21735.2898158	17603.0106082	13922.8633537	15972.418149	15794.4378129999	25531.8459347	25803.8529885	19749.7451646	24565.4008603	22970.6270083	22633.7674672	23739.0537372	24749.7571611
Luxembourg	101327.002773006	68.6100423249	90.4573768157999	103.4205008575	311.49293728	67.94952065736	365.990679108	502.23515162	983.533796778	216.4012187656	880.439764516999	447.810967447	444.291735656	347.989022497	429.553299896	327.466988812	520.682759125	412.668650776	457.784647081999	509.200259921	654.6720965729	1054.5844779567	320.740762075499	912.828033325
Macao	413.186464069037	1.42807282104	0.928208996582	0	0	0	3.49833099365	4.42679002686	3.64119207764	2.28476682739	0.571167883301	0.713976470947	0.713988574219	0.0713981201172	1.49946413574	0.642605004883	0	3.99847225342	0.856831414794999	2.71313949585	0.856856793212999	0	1.42810224609	15.9943989563
Macedonia	781687.394954865	2059.87199586	890.187155042	895.231503845	2200.46073117	1306.68329491	2042.14036081999	3862.35842603	3960.30232699	4300.7546863	2223.22350845	2156.64087592	2938.75396559	1149.02225336	1815.51573979	784.331043518	1496.48229593	1144.61854832	1542.93718292999	1790.24584492999	1856.08717674999	2304.29186908	2448.36209542	2798.31779991
Madagascar	17141061.626702	86956.71266972	89317.3896856899	84247.8382266809	81845.1402527	93628.0195414099	71033.93396209	188579.8213236	123502.09557375	136536.58169923	107218.73537737	162323.25605263	128467.9790745	299349.9085037	416681.593351	301788.22459756	383655.0845711	510356.1239954	366619.4243781	254242.375308989	241111.7479687	234879.5607959	256379.079834899	303189.96560728
Malawi	1521820.23352032	2488.2783874921	4189.568754353	7112.99022896	5712.445404131	9444.9996961	5563.043560255	7494.454023443	9724.42378124	4030.383886588	3981.951570149	8216.202409452	12173.035050338	10562.311446029	18587.02507012	10785.169505506	13509.318904984	15307.679250122	15487.1130843589	12134.41009282	16067.70152614	16564.294970057	14857.910604442	22946.290755139
Malaysia	29430570.6905473	332497.512354583	312553.872420412	183911.26476525	351801.637133521	375419.962761779	333901.485572721	405158.617566867	367972.427718534	622780.530256322	430607.602341036	463078.491060909	628171.209927706	333221.244216929	645779.295032896	454345.16332216	565249.338110411	483416.239041823	437984.63970449	395367.330712441	268721.570192167	277553.812394297	248089.115042354	308584.736727743
Maldives	5569.75590467111	4.74348935547	4.5881571228	2.14270918579	2.37201148071	3.59742094116	3.90637952881	6.19347052612	6.65292826537999	5.12517297363	3.13572758789	10.5621632201999	2.4507440918	3.97583261108	3.13358397827	0	0	0	0	0	0	0	0	14.444445752
Mali	25098.0196508035	347.871015979	175.2906100651	34.2435426331	153.312769977	83.2180761963199	103.70902087407	125.085334253	105.6449692321	157.6953409053	53.8906088379	165.7858041324	78.9213149657999	409.781492840489	270.337958629949	204.15367565265	204.82847104533	331.985265850779	298.79941871921	210.75740113497	148.84752771649	130.309343218985	159.19633262357	315.772891595
Malta	116.70468032817	1.25191643677	1.75296682129	0	2.50405805054	0.375246069335999	0.625887255859	0.81384019165	0.93921026001	1.56450936279	0.626004162598	1.43883035889	0.313002337646	0.250463006592	0	0	0	0.125193054198999	0	0	0	0	0	0
Martinique	74649.762144829	192.965462549	48.8623032043	288.469849969	166.994554199	204.774076843	91.178334314	155.675316485999	278.123225464	199.245628058	75.3667977660999	152.992910229	308.425408008	146.359564386	156.717937122	31.5720873596	26.0592970886	115.693463818	51.2403053955	60.5468455504999	65.095249115	43.5524013916	32.8346887878	106.198764825
Mauritania	33.3162658508479	31.8384765381	0	1.25626784057999	0.0737075012207	0.073900994873	0	0	0	0	0	0	0	0	0	0	0	0	0	0	0	0	0	0
Mauritius	71304.7045953849	156.581136456264	154.429717029	119.630073962367	328.827256597994	174.210947491361	142.487197504156	131.71027309	188.635437585586	241.856799169984	23.2674320922999	487.318726684254	152.469964965844	219.270037988291	531.75113768949	0	0	0	0	0	0	0	0	0
Mayotte	33577.0179630047	31.302663385	20.8691702515	30.9258195618	5.10480887451	34.3077181885	41.5867125122	20.0448166931	42.7911925659	5.70465874634	31.905098822	2.32729525146	131.051054114	327.565400024	1150.41220854	18.0898608887	83.469233551	44.3638122314	72.5834347839	34.9063565369	166.788329419	63.7250001708999	73.0972896484	54.1993265442
Mexico	53177227.2975921	158303.229269375	158834.366921031	152559.523474468	169841.709493086	206856.027376499	179043.944249275	218601.079909998	184377.525039017	281232.88137851	166729.166964489	186771.584766447	174753.328920458	219048.152956861	170750.024327357	197651.171295268	274182.975470979	298787.974061636	267151.114605851	327438.255361237	299526.730359558	189079.706224648	178858.148171679	226351.38398226
Micronesia	6171.7221560128	0	0	0	0	0	0	0	0	0	76.6623919128	0	0	0	0	0	0	0	0	0	0	0	0	0
Moldova	356013.70752455	146.688748528586	229.797495184234	100.599818488	264.037419842418	109.776597382059	173.202330896	236.263928655817	135.105942023137	187.713144000488	176.751966546186	186.813371594645	1771.54039511614	167.346133807836	363.135704004	495.737664861753	833.484275671	1092.38461428079	861.590288147064	817.21510380228	1413.63773899768	1131.31466237937	1130.36148651541	1380.69334265506
Monaco	0.391631616210999	0	0	0	0	0	0	0	0	0	0	0	0	0	0	0	0	0	0	0	0	0	0	0
Mongolia	4090485.48818706	21056.8249581873	18728.1125036466	38434.017945044	53303.2360863369	7466.86289626554	13249.2800301881	48081.9429940124	56001.7377150041	81792.9589058034	8764.44734823288	3550.52696307274	34640.5239080958	628.8020961709	522.6769520299	7145.3173330933	4142.1347137926	25238.5233887205	9224.68238454778	2815.43700357659	464.61991897235	186.690624814055	102.99020874936	839.195832402907
Montenegro	616442.911996657	858.4954979066	179.62148594359	203.68676928097	915.3322480037	172.28694538599	175.54686856033	1051.4285545448	1429.1960748876	565.17217360229	210.940169879631	494.317558026299	1258.6075491272	2401.1232434507	1437.896631866	180.964117389359	1119.5312840896	1268.97661663329	1652.2493088873	647.0091292727	983.187765436	507.7614243167	1168.8358998089	1667.691840857
Montserrat	4582.53312415064	7.07856436157	1.6227319397	2.28606124878	7.67009265137	24.3424192566	12.6126207458	10.4738793944999	6.56391945801	4.86755691528	109.302181	6.3431206665	2.21233500366	0.885134399414	0.295030664063	0.14748157959	6.26860142822	0.147515026855	9.44281732787999	4.64688356934	2.21254547729	2.50734602661	0.590070849609	0
Morocco	648570.510636177	1868.29403713591	3923.52948627	2042.53245421999	1440.58196099294	1526.38457221	2221.78343157193	2513.07805881	3409.47609738999	1197.40108791	988.079993512	3392.47184377999	1689.89524536	835.840501904	1682.31299833	951.994846442	2041.20871085	2366.57422258	2078.08733798	1250.0212448	3620.79063064	1538.46674773999	12016.3832979915	4004.7592849057
Mozambique	28917911.4417753	60936.57287777	106658.2011115	79643.85983929	107725.55878537	150557.9452834	172223.6742603	138492.42007193	204759.4605755	217493.1001246	194545.1400249	150242.1994472	139946.039866	162655.323098899	200500.445734299	181386.6129242	250552.495259	359010.6808052	172397.761423	235657.7414783	232508.773931799	278038.996177	237826.0106972	262175.7591286
Myanmar	42863446.1380108	44804.3150019183	66119.7894225584	77224.5948309142	102186.486531513	91847.336337385	127464.344481501	146598.552443079	119216.472697825	216306.138041199	169913.546829397	135716.5827424	225189.077066763	248186.847953789	331445.111921278	293305.643233888	362552.968300962	341845.253844742	278709.248413156	309418.660046916	310005.800448823	304152.236229889	260938.276450575	307184.823016956
Namibia	3835.3469508409	417.51186622282	108.00707151487	208.683931860615	61.46312194215	64.324201776088	17.04097171631	80.0747831604199	33.5088038513	85.37586009529	26.96552941893	70.90406847535	25.832459875439	2.337398571774	3.88961102295	0.220395294189	1.32068640137	1.83358190308	7.93314040527	1.89352849121	1.4609813659628	4.37249413452519	1.011738134766	1.17282937622
Nepal	5161052.7025614	1523.19822425343	2128.64824849057	2291.94280864	2479.59476335	2758.32578575339	3255.01749742	3465.51020141302	2991.81974303735	5524.0821235462	2347.7039274364	2816.4663511	5045.05678867	835.47114726	1161.81400255	579.367517669754	998.515679931999	2394.08940329646	1672.12041457	2087.03370876	2232.81661541	2752.51637028	2022.49209615	2277.25023698
Netherlands	593054.969609023	736.425754749	824.585943161	309.855980756	1297.31942048	1472.04622663	1482.35549072	1646.10315158	1150.75863376	1559.09461999	3403.36082399	1155.29827413	946.762253137	514.179862253	875.266339059	894.204666637999	1406.64607207	1333.21030417	1271.23557291	2481.34199133	1921.86747084	2456.68688561	1186.21414844	1577.66581962
New Caledonia	1440328.11193265	697.9199215458	626.86700703723	883.91438198853	1510.2004381885	1471.68445389709	2134.52889793879	975.111819757156	521.7793326781	975.78887779552	550.42071643028	709.155684973477	838.326594037256	2281.6309652131	2050.19792575386	486.100190424	1323.90636112001	1159.77863088709	3069.43590627038	811.96880496238	4065.96873230313	656.28883382	374.080707232184	596.915558123658
New Zealand	11255700.4711725	50528.10007667	63227.7019857899	44798.1205895	60680.28907661	52519.0497089699	61671.4347811999	62642.39578963	61372.02407296	59612.9201205999	56121.67272919	59942.83770463	69498.2695619399	77541.22923695	79409.40090306	64003.04407946	80358.31974931	74883.24647131	79228.11561825	71430.44874055	60924.35777834	66242.7486007799	58514.59510723	50462.72337959
Nicaragua	7776815.1554357	44109.8349121	54194.5468016999	46963.7363197	21064.7731318	95150.1438824	38875.4969783	88500.0010136999	53814.3973914999	83097.3167643	212519.795108	43289.8009658999	33723.4703436	44038.1036431	75563.1757466	35524.0108186	142443.89022	211681.445272	71375.0156121	77848.3623991999	111303.426656999	91851.001502	48987.4763091	117554.644863
Niger	2.3287094604465	0.150195812988	0.676417071533	0.2245963928224	0.0751774169922	0	0	0.0751710083008	0	0	0	0	0.0747635070801	0	0	0	0	0	0	0	0	0	0	0
Nigeria	10048736.1859049	43386.5157777321	32346.7257437339	13380.6357565793	14643.9554327161	13279.9059657294	26167.5712322127	24572.5428628133	27470.6725686424	25289.8306554986	32782.0802839159	53891.5168321907	34970.9378439631	43434.9186003032	68637.38399609	40927.56618346	72189.4232293298	171045.533444646	119822.516654306	86894.8636469582	99199.5654747641	97193.0989171	106189.4492123	85267.5384945
North Korea	5196408.83925237	11945.65327251	5358.246915688	7348.9041705503	11358.608926044	16528.575283602	12580.2971748665	13289.35030708	18783.007716561	13113.7490272297	19020.690298723	5431.487646853	16681.740156408	5031.0009508851	10943.115662072	10852.6243628811	11509.296608608	8522.77006820499	7691.747104204	27492.3434300549	14775.58676254	13742.604547017	9046.961364925	10118.579103865
Northern Cyprus	12307.312962966	17.6616368042	3.34085756226	2.45848154907	15.4524707031	3.65425512695	15.8939194031	12.6778043457	20.1840275757	21.1311427795	9.77345297240999	14.0676899231	5.73557027588	16.1382852966	27.6025987915	15.2825370544	21.9747221190999	27.6579119324	17.5540590698	12.5637458069	6.18514428101	2.71185891724	527.160634131	41.0292288452
Norway	11739621.0274202	22446.1164161557	26635.9635383266	14817.5094192398	33742.335582085	24919.0312523665	40648.8369692077	31841.4076521453	33815.6653192095	23316.6996418659	40129.2246236042	32769.1739474706	29947.3221409923	33069.6412978412	39149.3062242232	36639.1695684479	60082.1538071849	57917.0533282166	59220.0855654036	64784.5574726844	68363.445167311	63937.9311830547	67306.8723362804	57971.3921341069
Oman	0.3597880126954	0	0	0	0	0	0	0	0.0692376037598	0	0	0	0	0	0	0	0	0	0	0	0	0	0	0
Pakistan	978658.774551871	217.77100847132	325.012708215427	641.699657604913	1168.05952205163	948.18548474772	1345.3239457576	1123.4662986329	1054.17558015757	920.76730706183	720.222906201	463.385803283973	238.837614465773	60.0106760742	38.61468880615	2.41609543457	0	190.247303503	75.5619092469	81.2433225829999	69.2018091431	63.1829158752999	48.6315305176	148.300531311327
Palau	41263.4881413188	52.1120900818	75.3008130554	17.6252864075	29.8297258484	43.4098696655	34.8671591858	90.6374195007	64.5448899597	30.2129996338	32.7296309448	30.5919019409	28.001652887	21.2941973328	93.850307196	0	0	0	3.89126834106	8.69836711426	16.2543854553	3.28079867554	9.31485736084	34.5196950316999
Palestina	614.768548309233	2.21930827637	1.83029205322	1.43876740723	1.18042124634	0.456774584961	0.723417425537	1.17988531494	2.54627142944	1.24483355103	1.31066329956	0.261358026122999	0.457780267334	0.394444421387	1.17994700317	0.130280761719	0	1.70297333984	2.0276930603	0.262469238281	0.261385571289	0	0	0.196152191162
Panama	5700503.40915721	18264.11921746	19200.14939466	11283.21811154	16836.00379012	12349.23136946	34322.7334425	20644.54060426	39945.2405182	36946.8604937	15402.51587215	23104.1084101	17044.2804950099	14041.09602492	14035.50746566	10553.68359957	17316.7143498	30878.8117713	27960.89054274	33993.6100257	27314.31258996	24390.4530382	17327.32365672	25086.41269349
Papua New Guinea	42921788.3546047	36005.117874894	54575.476322542	31805.599761075	58329.405414732	39021.19701767	56388.379613801	49172.98060907	71045.178736956	49210.417279425	68761.2412223589	53046.4363795098	73333.36059516	56667.705936922	105664.369002338	180806.490553137	177925.83746092	117509.204113782	117934.97636054	95134.63229352	78439.700502217	76613.2889058	142078.76496065	83764.9535677109
Paraguay	24296824.4962376	150238.46171189	195124.28987495	267308.603422557	247347.487245008	262650.289231206	148256.09491769	426215.376136183	376342.1747097	353183.06800739	442299.652812509	457194.938983369	510218.834937529	318563.33450361	345745.89898837	279374.95456368	319822.7580197	360057.77229967	258779.2155352	314372.159155499	243378.70950058	277164.9046026	217141.830449529	184551.33273717
Peru	78087181.1660811	86013.8129011552	80452.0378895096	73869.196711255	101320.407928665	163023.038347664	88915.8295715555	115742.711148218	126614.314324117	177914.22017112	142324.057060005	125265.013148989	275457.967116869	209306.745548723	205452.15752359	166499.838513573	230961.487502122	303280.326947023	211725.896042318	231257.230440251	278656.504008364	225203.796867927	236121.727634035	227674.794597626
Philippines	18599433.1071032	35165.2211413099	32309.2162799245	35154.2376806183	48579.10181075	49781.62686793	57428.57563269	66498.0807766198	38702.7366763	60889.67140324	102649.516520208	33252.88871103	59586.5906567099	58871.1875696899	102456.265459861	65895.69532677	129109.8068343	114280.68717764	70533.6296630828	64038.6629788536	63727.6474983011	48882.863461208	84543.5379958197	42736.3186515572
Poland	10439547.7145708	19066.208883865	31070.314032772	33293.1812833205	41874.07579706	82379.0262044099	37680.550055596	57311.314792683	47941.3269112109	46926.04829382	71835.577398523	56650.4973611779	54896.476197613	35014.7893407739	56279.7860070429	42742.9076181059	86510.8220705798	96252.294684662	96846.3947359099	76721.372532058	74959.30870566	77568.523255684	72193.523776028	76138.1646682179
Portugal	2302489.7493292	24405.4673311928	34903.4743521938	26840.430330022	55314.7565932566	38934.5654550704	42566.4555474017	36322.0695796081	33615.0778712165	39859.9746887307	48401.3279965905	26672.8609264339	58236.345347977	51884.3849832262	60259.0748339112	46097.19292	94647.0703626	173895.4393285	97437.2490102976	36885.9057822558	62044.6128635812	37224.058825967	46875.6923238803	36388.299126585
Puerto Rico	523697.06989614	1252.36398588	1168.0974128	1194.09113049	1323.68618781	1288.00911874	1243.00013118	1037.45251012999	1215.50686799	952.682527679	595.280661047	1227.76421711	653.756309924	701.642546838	871.418173151	722.225135082999	599.275524915	56205.4293945999	1227.88165252999	695.022114227	680.780955559999	690.973418542	614.961872729	760.673858185
Republic of Congo	26388372.5542806	27030.69372745	24310.13865384	18514.84014802	13832.847533	18853.37473793	22153.93633475	29764.68425223	17374.33243517	19073.00303869	44665.2307263999	28374.3416152499	32143.6144922	54641.4092274	72891.1433372	47822.96295424	114303.4802905	63874.7669597	62697.8991622999	73758.0687969	64540.0172992999	58192.6830590999	59424.1263077	67414.9126913
Reunion	170474.244291366	28.6171670654	502.667544366	142.627360321	0	225.323584905999	628.89545202	0	15.1003314636	187.186708868	223.36657793	562.415341339	852.323729102	1652.93915524	675.054656781	8.56221501465	7.40460494995	0	0	0	0	0	0	0
Romania	7915196.57243418	17535.6075074	16356.5196655	9427.64154117999	18859.0927775	19418.3017659	13066.5784143	38082.1007551	17535.4435305	16177.0059437	17781.8459312	16927.4985159	30649.791788	12946.2141115	19481.7948373	10906.3991413	23045.258345	19187.1201252	18974.2636473	12265.9141398	27445.6976042	14699.5071578	16515.888331	25379.8842576
Russia	761232069.441501	1826617.03521198	2700405.00440829	3030090.37632616	3521042.83827868	1590004.44296568	2233436.64928403	2338939.02367822	3048008.35911725	2111655.85759415	1859558.31708895	3021509.70130573	5391282.66535325	4965576.0783068	4489924.47888425	2332127.7183116	5051721.18205051	5288979.28586335	5560473.42242888	3686585.78897587	5442130.72164707	6518905.629844	4287850.763762	3354744.87641408
Rwanda	497885.696197457	1516.766094629	941.338573516999	1060.927401422	1121.686967078	821.922814716	745.5327776	1429.976502508	1100.630417926	1381.9652466007	2449.76812276	925.934427076	1090.451570349	2472.624481539	2889.358224395	2216.720879282	2777.671468013	2728.817867621	4290.997764894	2515.985713371	3187.316591482	2922.13115497	2536.45016138	3036.318767228
Saint Kitts and Nevis	13259.9712565727	45.6097188903999	19.7907766846	32.1474267639	25.0763727051	18.903278656	20.4544723022	12.2869109924	22.808195874	33.768109613	18.5384363708	12.3588220275999	10.7411853577	5.14765651855	3.972505896	0.956672802733999	8.38890703125	3.67844752808	4.85462206421	8.90337562255999	10.1499482239	9.41628151855	4.33927496337999	3.23568996582
Saint Lucia	50731.2392179896	31.0804962279999	10.9109795898	19.4267067383	40.2030586853	53.9601174316	98.1170556519	48.5757472168	56.1126269592	54.9229421448	99.8421178223	61.5784930603	67.1081264771	36.0937689697	41.0959681151999	7.17511416626	107.170497675	83.5571277649	33.7801889404	21.895352002	40.7326328247	34.6039883727999	34.3094573486	24.8104610046
Saint Pierre and Miquelon	5454.09710198968	0	0.105857049561	0	0	0	0	0.105909179688	0	0	0	0.0530293579102	0	4.50621744385	0.582637200928	0	0	0	0.212279467773	0.318421643065999	0.742972576904	0	0	0
Saint Vincent and the Grenadines	29110.6432493008	6.89655261841	7.94600684814	9.66859753418	21.2832977905	16.6350803223	10.4941172485	23.1569667969	41.8996864258	29.8985145507999	65.7920078674	30.4211080139	24.6545174927	13.4151294861	10.7935426758	1.72356897583	16.0381167419	30.7983808472	17.0120942199999	11.6169420898	7.11960344238	13.0372670471	63.4599700684	11.1651391968
Saint-Barthélemy	621.951474927176	0	0	0	0.146598193358999	0.0732989440918	0	0	0.14661048584	0	0.293203240967	0	0.14661350708	0.366514379883	0.219911651611	0.073304284668	0	0.0733018676757999	0	0	0	0	0	0
Saint-Martin	1849.57966262481	2.12365894775	5.4188541626	3.29544103393999	1.61107196045	4.90655078125	2.6363232605	2.70954876709	2.9293321228	0.659095654297	0.512617724609	9.52016820679	3.44178701782	1.83077280884	1.24491974487	0	0	4.17421472167999	0	0.512604394530999	1.61110236816	2.12358527222	0.439381549071999	0.0732361755370999
San Marino	829.543870587221	0	0.111479595947	0.0557793212891	0.613289624023	0.167248297119	0	0.94795647583	0.390374816895	0.11156003418	0	0	0.445936846924	0.167272558594	0.167337963867	0.167273492432	0	0.0557217590332	0.223145947265999	0.501881018065999	0	0	0	0.390430999756
São Tomé and Príncipe	14213.5752380129	77.2219108765	0	0	0	0	0	0	0	0	0	0	0	0	0	0	0	0	0	0	0	0	0	0
Saudi Arabia	6.80772926635799	0	0	0	0	0	0	0	0	0	0	0	0	0	0	0	0	0	0	0	0	0	0	0
Senegal	39568.4003222338	70.5943424744	164.430711176	37.7889403502999	128.047081836	71.5820990173	41.2482950133999	172.321490082	285.27019234	160.873420233	153.825538476999	116.842159459999	84.5034117554	374.73802486	326.715512012	293.49651546	254.557593469	391.795851337	300.944379272	277.640263416	758.458880457	176.626472241	289.10940509	161.684986005
Serbia	2730311.66435038	2379.593360263	1134.993890973	864.944627966	2637.81543269	1550.580265883	1891.230976961	2254.065872173	3260.235215077	2506.979079936	2461.87909074	2210.170892341	3478.079194038	2798.33941847	4387.92776316	2815.45198214099	4676.29992705	3570.65700310799	3966.45472618	3962.22849869	4987.076540588	4072.25588685	4505.80780874	7866.19870136
Seychelles	6209.62023704421	0.379574493408	0.227775177002	0	0	0.151843981934	0.151818103027	0	0	0.151819885254	0	0	0.607397058105	1.21474801636	2.04983152466	0	0	0	0	0.835144122314	0	0.151835681152	0	0
Sierra Leone	5617881.85603592	18596.436728	15310.2510273	9098.9522908	4019.84201175	6872.40907990999	28525.9459116	21878.4911808	20924.7224243604	30546.3512898	8782.21991624	33929.4825114	16356.2256738999	170277.762824	161512.908381	232761.498512	177686.868606	232752.892977712	188217.55642465	175466.797154651	154640.612584182	113032.644565	119929.465076	99682.0634143118
Singapore	18784.2329099985	43.4538991699	123.517011896	18.8427605957	34.9939338196	82.2947729675	56.0680706115999	74.4490761597	35.4565127258	177.047333051	43.9926014038	73.911161438	92.1382644225999	25.9184838684	191.35199093	154.974818213	154.359643439	262.650373767	289.026860126	287.873879125999	165.203020258	200.964630029	103.059066229	186.430399652
Sint Maarten	1022.1812003112	1.31828550415	0.43942833252	2.12410755004999	1.09857330322	3.58881672363	2.27071958618	5.4204027771	1.61125620117	2.92971448363999	0.219730975342	2.56352695923	0.292980657959	2.5634753479	0.219722344971	0	0.292965637207	4.54095383301	0	0	0	0.0732519165038999	0.512747686768	0.366243139648
Slovakia	2397209.09298994	3897.41235746	4015.75227922	3750.02016269	4624.88524657	27674.5522738	8022.90660231	9485.86999341	13466.18058613	11237.01846201	17104.00216816	11543.90274761	9169.62693015	5076.44249961999	17366.46429332	5282.71486037	16942.9282230199	14213.07843722	17698.63874616	10330.92313807	11947.23818875	6097.6804457	5206.72562804	9851.58019516
Slovenia	1293526.47336229	615.463065601	723.875742242	528.352103088	1271.79318546	1950.96299688999	1246.12451577	2106.66788336	1856.8810431	1951.31295091999	1433.95777602999	1436.14101175	906.48572204	638.890888	5388.80482548	1024.53208875	5394.64299925	4891.98440193	8236.46458720999	3456.22756218	3889.43502615	2232.83640258	2856.75488469	4626.14729982
Solomon Islands	2741616.19959543	2187.11600869	3866.10420612699	2374.828610017	3543.17799785	6549.421647777	5068.416275697	5665.309752437	8171.090436897	6034.534072962	6418.013625368	5860.7020978097	8806.56927312038	9471.36210964	16939.3004724359	14970.036824127	17992.7442783874	19761.3730940121	17824.9971667686	16550.4339551858	14598.9681020882	11999.6365602999	14502.1765234	9577.94226542408
Somalia	87128.0760421559	339.303970263743	250.891339551295	105.372021173024	215.0112120418	271.9112489075	118.51670394899	270.587775744711	250.20504353604	307.114746202909	139.64643560788	184.508050738279	194.90069086301	315.842198302899	123.0574614868	65.91837723389	86.37905346069	304.8967528504	43.96594758304	374.13894103379	154.518787152395	169.1360102544	125.518955670196	104.600855328326
South Africa	5983100.60859652	77644.5114299505	47679.82268258	92572.4026884535	72601.8468687348	104652.102704017	104943.024675348	47105.0469252886	81375.3799730192	67278.2126943688	61758.6072168174	69616.6293026846	84896.3874945358	56368.8643343764	69667.0647238848	70156.82346441	73545.8920542299	94055.69086109	63666.59712383	76139.5722513299	62247.14605296	52067.24842189	40979.617611866	29571.1458243641
South Korea	5367979.22607807	5503.46285542	4705.34172118582	3611.34431987999	11406.2707069378	8922.24944788	10148.5273274	8096.1922756936	14022.0761048784	16415.9118245405	14425.197346534	11709.7163740896	15941.1259413104	9469.9427343114	13425.7982675101	17340.9814624699	22537.7256446359	20758.7780292435	21850.0823581999	20731.6653833636	20123.3837088587	17343.5666864983	25660.2704929086	21641.3108876102
South Sudan	11386564.8866142	4906.03601781	8148.68337144	2063.179173116	10442.51027017	10566.2016914943	8963.30146025199	9523.61344252419	9009.29281351999	8057.78274796	3879.41190855	9011.57819038999	6707.21929922999	4931.46674073	6750.71790315	2459.853569567	4067.78334652	6856.22945353998	2640.938984044	3753.59337729	2326.22756478199	2812.00384038	3463.02109268	6181.86570812
Spain	11018964.6132059	32811.1786349998	37699.1604516714	23315.4802416408	67274.1296335225	48955.185193773	72719.3525163482	60256.545202901	44288.1449976317	67545.0381386558	56093.6369684135	39325.7211591096	80496.1377362194	63956.1147803265	74226.718580017	65414.1206308423	107562.7775955	98459.3578518651	119649.463391514	71022.1396872211	101988.508635252	85792.286575196	137821.904199917	85869.111428872
Sri Lanka	3939925.9226375	3759.51242201999	3427.68227809	3149.496508556	5599.450974593	4682.15589548199	7730.47775912	10241.825893919	6499.722237334	13974.778285448	7230.760356241	14736.930830519	14427.642836338	7953.000811716	12350.451483755	7402.867058516	17490.1352977199	13066.105733202	13160.945651118	10306.919775067	11216.455867825	13295.790078774	8411.63710168999	11721.04233346
Sudan	72712.6100488876	26.942974121057	76.1004105652	18.668254937742	13.206837347413	100.187944427494	4.15066794434	184.920923168926	55.4771293029241	81.32076439818	41.838790820271	205.239798022948	13.2047591919	9.40374952393	5.61740237427	8.05574283447	26.6771248657	74.6473822570999	16.1157736511	56.3959062500109	66.80295692753	50.3201546570099	43.3292032349	22.8081558716
Suriname	13949813.8010326	3688.94835797	3717.47886987	4545.82893694	5423.31376404	3512.14581877	3404.35146766	3625.82920847	7510.6564579	7362.4778969	7000.39994764	5696.75661300999	19502.0262574999	10203.2746388	14747.6682124	11921.1999423999	16877.6026761	18018.4818171999	19000.9078942	18454.195535	15096.012002	12262.0316401	14541.7668402	26116.1442375
Swaziland	469226.39060881	6734.83942727	3800.75775503999	5760.34169619	5363.84061964	4535.08659858	9431.37989136	6469.35738646	4582.24927745	10654.1821353	6660.32533913	2621.91896528	3527.09260005	3126.10215806	4960.45843527999	3215.77453506	4801.89240587999	6376.49016533	1919.91472595	4116.89730024	2684.08544431	3160.01114551	1937.37201981	2034.81383363
Sweden	27883945.2028478	144928.4019058	178265.5541885	92620.1588180999	271566.3867322	248562.1070643	249128.0915553	182859.503335	293726.4030372	208259.5820656	263648.5628461	205322.9100077	234884.4493136	197659.9325539	242524.7055376	216032.9571435	310350.793042099	331219.8399054	290153.7198948	332893.517490299	339970.9120539	333159.5786787	329905.066664299	313928.7717539
Switzerland	1544424.75087882	1165.2186341103	881.3079519283	433.2848754635	3829.67676001859	2321.1314410571	2048.8599515398	1852.25691326149	2419.2797700427	2274.5026439335	1737.953484781	1939.8632947969	1518.0716555759	793.6283330687	1503.5595902857	772.5698809144	1678.9978257407	2542.4265443461	3134.4012381554	3518.725453548	3927.9093714451	3455.9281273776	1974.9625859581	3120.318673486
Syria	105940.194249435	267.23611279269	147.999648669012	114.806696301055	107.022675555307	791.810074871736	280.752418658021	1577.24175648067	834.16032382824	130.907179681648	240.533707800131	155.89883263529	5370.65833244744	1270.43676899205	958.297281719604	2393.17848145999	1812.67923570999	2146.5761541	903.431665387	1176.52388715	3037.67966348	2856.12380637	457.774493781	2445.7275752
Taiwan	2342184.94533626	1159.07029613651	1004.5758888004	1125.20825655951	1858.3472921141	1522.31787257287	2076.7263741596	1729.6733706386	2311.27189799579	8161.9024328647	2459.8265306138	1461.4897046046	1460.10131023159	953.16466381883	1054.21346619531	942.64282800326	3322.0293318929	2584.1254072959	1901.45393711719	1426.27691952345	1461.50241552999	1463.1958120876	1513.18579882956	1965.18638003677
Tajikistan	60256.8584656385	61.537936279281	36.639244793728	31.868802630618	20.0047191649987	28.539360858116	19.433142919931	14.0400408020237	33.1142476929149	34.041139837598	10.85792648925	20.20177447506	26.041366693138	1.3190408813474	0.783045703125	0	0	0.121154284668	0.180055090332	0.0595661560059	0.427672772216999	0	0.12240814209	14.216997998
Tanzania	26406450.9665474	82214.160702153	85080.846258621	84068.15994634	66892.545746267	91583.364159751	85295.7962408659	121685.15093874	164250.628350354	143354.378635989	138486.331257755	137805.266304978	154433.267545871	181510.325330614	198227.449319814	111961.233796266	152854.144988503	194875.749391814	171708.122036627	142772.910290322	186212.425278394	165076.733592191	160668.131758313	229038.43381167
Thailand	19962463.2747685	36101.9738420872	60882.2421866559	58447.9943548429	91835.376035876	84287.125859384	99820.670629368	92628.6447023539	80143.3893435749	132690.385725618	134984.432859878	94544.786053011	114508.241258204	84754.493630502	137614.753676147	120807.759912336	171638.765838947	196456.662117797	133532.690366569	129794.144910506	119414.291893695	122815.91689219	110663.421239338	141873.934099485
Timor-Leste	726233.972140446	677.42570957	1604.59783247	690.739085205	2061.90939502	1311.30725624	2929.09025289	1555.90074409999	832.728582873999	2633.96234374	649.010286383	1463.47569549	1887.38117775	462.935896674	1883.09302986	862.90942879	1296.46640087	1713.24213872	1243.59808177	1501.46883371	1458.8672051	1430.72565127	1113.38651655	1477.3486254
Togo	558803.8385626	2776.23214820201	2020.78662098579	2054.05776934	2761.03977518037	2047.96682370948	1687.80737674999	3187.39546854	1177.75150230243	5580.00091392824	514.105423956	1255.77968864612	1746.86875851	2952.61792297	2526.17865779	940.296349536	3463.79075451999	7186.2138571	6783.65364784999	5230.01889325999	5506.80346423	5897.96766696	5034.04694106	4460.99223263
Trinidad and Tobago	391844.590000628	1829.09745216999	726.077571179	726.437371631	734.050996674	1228.86491008	1755.82658984	1108.58748356	1269.89914484	1377.15697291	3406.8360384	374.719773779	713.539957849	759.228243921	1569.45769226	668.194162091	1351.19719192	739.111610297	947.240304364	658.358859203999	859.987699303999	315.776070709	375.207505365	846.743769281
Tunisia	223828.335614187	230.6711778132	243.872524730999	1539.088608369	318.5663730831	632.974981751	353.7363897093	878.483153747899	718.284275866	981.756482183999	398.0409961671	2203.897101955	1414.7217773154	1300.3376552023	2385.068481527	1880.0287031822	1454.9607091163	8525.863859136	902.6732091427	572.774839038	1062.16835098879	2079.1311010688	2943.566475035	3447.082933758
Turkey	10060864.1060916	22910.086863287	25722.3132055209	17743.9443072482	28978.150930498	20410.6749328745	25884.9139733472	25344.2336137648	28891.4724254093	28108.350344118	17008.024230302	23888.0100051947	28467.1838276846	22543.0365079901	22005.5187449746	27735.3813994314	25633.137242268	33901.2416292248	35668.4552513026	39118.0746676931	45348.741830642	79284.500647898	53403.951054328	54043.920452191
Turkmenistan	10176.97006269	46.2129444214193	105.179085778764	84.86305293582	28.849815429735	30.5328804443171	13.629198162891	37.80781108394	74.7404647216578	12.985886621126	8.873251031496	16.5152877319452	8.986938464359	0.371513372803	0.904087207031	0	0.0594441223145	0.0610474609375	0	0	0	0	0	0
Turks and Caicos Islands	10851.3304486634	7.72721627197	4.65203444214	10.3761189148	10.4445660217	22.2503426635999	4.57795373535	73.5406012329	61.2385188538	105.595101605	38.4187544189	14.5991304565	7.65648599243	10.516335968	31.3373602173	21.2502554871	18.8870992859	32.8349799683	36.1296132202	17.2433930419999	34.4126722839	43.2177840271	15.6710548889	23.8935847656
Uganda	7764959.49660775	29658.94944863	10840.6977431244	11980.096574921	18076.761025966	29172.078696028	28448.20039047	36627.188320345	36925.982431727	23293.003050958	34149.420880634	65067.322685327	29141.307924938	47750.038277485	54913.2045656579	54021.498434191	67486.0479622209	116902.460950628	86229.8466132579	63267.7676856249	73603.2310275449	49244.993044932	64134.705400371	68915.856220569
Ukraine	11133341.4212185	28826.5287580889	27077.1605156203	38955.0716942354	49493.3554166352	36558.6449960051	42130.328641281	64266.7681845108	53016.1372252516	48322.7151174754	52441.3283542085	60356.1880276577	55521.3993573157	37712.0186553499	47187.50065708	48914.06114854	106761.07117977	85861.3646697529	74423.82070462	45144.01260907	79461.59690908	66593.37827818	47989.9264212	67103.1014124099
United Kingdom	3695621.75935936	23244.2708169192	20112.4754009518	1875.17937961059	24846.965260289	8872.58358695933	21053.6038882031	31222.6164769508	12505.2057924985	37709.9394672693	28469.4006133449	22656.6980592147	35668.8940394265	28596.3252630096	30371.8484744712	23997.0473798549	28808.428443668	23041.8692508232	26251.6331538034	28376.8218308519	22842.6023139345	26215.959652809	34168.840800862	21604.23307559
United States	279377871.385958	1943325.64043125	2038443.52483792	1649390.40967405	2746270.49271806	2691557.73370812	2605867.79888437	2435137.0490951	2213731.16678523	1608986.97166115	2167672.1657457	1663697.9844123	1964101.09175822	1736452.35868946	1736532.88742788	2289661.04728299	2264075.85522582	2311366.54393244	2092367.16679184	2109927.9163591	1966724.05173587	2044306.43443885	2204652.92608002	1382426.65163427
United States Minor Outlying Islands	145.898323638939	2.11971366577	6.50554232178	0	0	84.4978115723	0.0730948791504	0	0	0.0730947753906	0	0.146197827148	10.4529544495	0	0	0	0	0	0	0	0	0	0	0
Uruguay	1697317.74972815	7647.43142728	6870.09952067	10611.4808172	15126.2838574999	15919.0022736999	21029.2208551999	21529.6399828	23597.1326235	19279.7301207	17826.2200873	28001.3358734	31387.4440709	19263.1616153	25643.0082134	17547.8728622	23688.2830383	21859.2866946	19527.9162362	14519.3137366	12682.086244	16999.2096259	15858.5573823	20948.5022992
Uzbekistan	106176.65653588	294.822046423534	265.232734173339	52.799090979029	48.6565729981063	21.185830377148	53.07987351686	43.11405429678	43.5205927123158	96.4029722900199	31.924359570367	33.4163840637499	55.376411102302	24.686588415556	83.129204449421	0	0	1.69413936157599	0.466105993651999	17.638968334925	3.181962139898	3.505754028325	7.489443701173	0.513792858887
Vanuatu	1181150.75683375	124.333141430999	108.239511767999	529.262187775	377.5599604612	254.4829513188	219.1210903934	111.8980435608	194.058635504	1096.265286163	307.6284938664	607.103513702	198.186277222	1111.05821876553	634.4237692627	3476.1555053509	1340.6725195994	436.0913932559	1031.34925111373	251.570011620992	3935.02938137007	57.74940277714	48.26943829344	839.6330736511
Vatican City	4.83850054320999	0	0	0	0	0	0	0	0	0	0	0	0	0	0	0	0	0	0	0	0	0	0	0
Venezuela	56533551.6678313	123881.223882645	90372.4351809999	87228.9276744013	90986.9146160499	94967.0690782809	85490.8139054	114347.051827347	120575.23911539	142405.86095424	101285.6436974	74441.26701688	105963.40973835	64520.01247657	100975.170539326	61435.8819210121	207335.941376152	166982.41126115	112107.387748784	140807.296741394	139301.923238604	64423.7990056254	55789.6491784701	76614.25134278
Vietnam	16551354.3629828	47433.186512665	49625.491840822	43007.904309736	73880.9701532039	102211.249460963	78777.293752718	80225.40625016	108285.882673861	137716.39893337	174256.405885872	130786.568494385	181241.737907298	132423.400110191	217341.80779834	217883.49598966	353446.488791959	286940.67318032	225155.195129599	216779.68643014	207640.87283179	193074.335290969	165142.294092996	135315.79161275
Virgin Islands, U.S.	18997.9336106602	122.513537823	20.9028617188	39.9544817931999	33.2749697998	20.304637616	73.8060391602	25.063552533	40.0192493103	86.3290837158	21.3449832947	49.9176722351	26.6246447265999	27.3399229797	21.4717455261	0.292475567627	8.64898352661	1126.42669044	45.3920633789	19.5820867188	14.005846991	19.277202301	33.6577570801	26.8479120239
Yemen	126.1638514343	0	0	0	0	0	0	0	0	0	0	0	0	0	0	0	0	0	0	0	0	0	0	0
Zambia	24050796.5266185	30123.69782679	46240.2003553	41954.69175274	28487.522100958	57518.10739079	40500.8611779969	53654.03194837	66180.15822854	117826.54999512	173983.47402694	60076.361611021	129518.75559455	84831.5035369099	115220.8403436	87590.73560218	141637.06601079	162681.3217477	143944.09462546	124640.66620948	163028.28591677	201456.41850928	179098.0932456	190416.4088816
Zimbabwe	1414324.37886724	8205.9223638132	8016.159510193	7312.18768037069	8421.502923236	11748.8185458884	14883.2545847978	9299.772065202	5435.12317521359	19401.943172221	6635.2889594348	9039.15925562009	13802.669719886	9631.6179584399	9644.6797273031	12261.7205767423	10955.4644064932	25978.2661759406	6557.1669657755	11553.3123343262	6224.9098299425	9054.4739530636	8264.96828885769	5690.363275677
